Column,Mean,Median,Mode,Standard Deviation,Variance,Skewness,Kurtosis,Min,Max,Range
A,41.15494831320176,39.05163767520578,30.39153408368778,9.64406018172173,93.00789678867058,0.8022610253738709,-0.3361066630125027,30.39153408368778,56.82281162662586,26.431277542938076
B,87.10141766686318,84.55789785355844,81.3887217210211,7.075145603879803,50.05768531609971,1.2617656615017476,-0.042790903357902366,81.3887217210211,99.34783470465355,17.95911298363245
C,29.2,26.0,26.0,6.1400325732035,37.7,0.5222146103689945,-1.264601172174574,23.0,38.0,15.0
