Column,Mean,Median,Mode,variance,Standard Deviation,Skewness,Kurtosis,Min,Max,Range
A,54.2178915868428,55.33527155578568,36.479361726226045,149.51573987086817,12.22766289488176,-0.139562294482764,-0.5254294676286118,36.479361726226045,70.93007243699147,34.45071071076542
B,58.57166802280219,58.94514966579494,29.98044461590763,379.75222468490995,19.487232350565073,-0.4556570480317862,-1.0782392814373087,29.98044461590763,78.1627204384531,48.18227582254548
C,29.6,27.0,25.0,32.8,5.727128425310541,0.9995358830629757,-0.5389184265318274,25.0,39.0,14.0
